Noise_Level,Detection_Rate,Missed_Attacks
0.0,99.16666666666667,5
1.0,99.16666666666667,5
5.0,99.0,6
10.0,99.16666666666667,5
20.0,99.0,6
30.0,99.0,6
50.0,98.66666666666667,8
