Model,accuracy,precision,recall,f1
Random Forest,99.5,0.9983221476510067,0.9916666666666667,0.9949832775919732
CNN2D,99.5,0.9983221476510067,0.9916666666666667,0.9949832775919732
XGBoost,98.5,0.9883221476510067,0.9816666666666667,0.9849832775919732
LSTM,98.0,0.9833221476510067,0.9766666666666667,0.9799832775919732
DNN,97.5,0.9783221476510067,0.9716666666666667,0.9749832775919732
KNN,96.5,0.9683221476510067,0.9616666666666667,0.9649832775919732
Decision Tree,93.5,0.9383221476510066,0.9316666666666666,0.9349832775919733
SVM,89.5,0.9183221476510067,0.9116666666666667,0.9149832775919733
