Feature,Mean_SHAP
Branch_Mispredictions,0.14643507595360652
Cache_Misses,0.1211902602772406
IO_Event_1,0.09260274680170084
Disk_Read_Count,0.06486995743956572
Disk_Read_Events,0.047784084529135656
CPU_Instructions,0.03480438056273825
Disk_Read_Bytes,0.01502445412628192
Disk_Write_Events,0.012125484264129955
IO_Bytes_1,0.011197766410151435
Memory_Accesses,0.0041846439278580535
Disk_Write_Bytes,0.0005968823124405747
IO_Bytes_2,0.0004180963708392408
